Algorithm,Size,Pixels,Setup_mean,Setup_std,Compute_mean,Compute_std,Total_mean,Min,Max
Numba_multicore,128x128,16384,0.0010743800665901895,0.00011653185878029109,9.41033664275892e-05,1.740111360363078e-05,0.0011684834330177789,8.014999912120402e-05,0.0001564029989822302
Numba_multicore,256x256,65536,0.0022874533003535663,2.3470563980505327e-05,0.00027645183351220716,1.5835531426834816e-05,0.0025639051338657735,0.0002673410017450806,0.00035778700112132356
Numba_multicore,512x512,262144,0.007956568066583713,0.00024673244548768715,0.0011123016998074793,0.0002609672188978975,0.009068869766391192,0.0010051520002889447,0.0021169050014577806
Numba_multicore,1024x1024,1048576,0.031909425900206165,0.0005738433781299944,0.004141651000463753,0.00024785489614087623,0.036051076900669915,0.003999679000116885,0.005139181001140969
Numba_multicore,2048x2048,4194304,0.13322819586719561,0.0012314310951904643,0.017224291833190363,0.0011401678646707886,0.15045248770038597,0.0160510149980837,0.022028228999261046
Numba_multicore,4096x4096,16777216,0.5481376925332976,0.025222801323018944,0.07440275896672878,0.009948484177761466,0.6225404515000263,0.06800337499953457,0.10202200400090078
Numba_multicore,8192x8192,67108864,2.1897352110664845,0.08328190672640137,0.2819267364998571,0.029900219765116715,2.4716619475663415,0.2646211299979768,0.39325853399714106
